{
  "timestamp": "2026-03-29T17:23:14.646965",
  "dataset": "strategy_qa",
  "n_samples": 10,
  "seed": 42,
  "baseline": {
    "accuracy": 0.5,
    "correct": 5,
    "total": 10,
    "avg_tokens": 606.0,
    "avg_latency": 3.6467497825622557
  },
  "rl": {
    "accuracy": 0.7,
    "correct": 7,
    "total": 10,
    "avg_tokens": 1683.4,
    "avg_latency": 23.406061601638793,
    "avg_score": 0.9660416666666667
  },
  "improvement": 0.19999999999999996,
  "improvement_pct": 19.999999999999996
}